,county,state_name,state_abbrev
0,BALDWIN,Alabama,AL
1,CALHOUN,Alabama,AL
2,CULLMAN,Alabama,AL
3,DEKALB,Alabama,AL
4,ELMORE,Alabama,AL
5,ETOWAH,Alabama,AL
6,HOUSTON,Alabama,AL
7,JEFFERSON,Alabama,AL
8,LAUDERDALE,Alabama,AL
9,LEE,Alabama,AL
10,LIMESTONE,Alabama,AL
11,MADISON,Alabama,AL
12,MARSHALL,Alabama,AL
13,MOBILE,Alabama,AL
14,MONTGOMERY,Alabama,AL
15,MORGAN,Alabama,AL
16,ST CLAIR,Alabama,AL
17,SHELBY,Alabama,AL
18,TALLADEGA,Alabama,AL
19,TUSCALOOSA,Alabama,AL
20,WALKER,Alabama,AL
21,APACHE,Arizona,AZ
22,COCHISE,Arizona,AZ
23,COCONINO,Arizona,AZ
24,MARICOPA,Arizona,AZ
25,MOHAVE,Arizona,AZ
26,NAVAJO,Arizona,AZ
27,PIMA,Arizona,AZ
28,PINAL,Arizona,AZ
29,YAVAPAI,Arizona,AZ
30,YUMA,Arizona,AZ
31,BENTON,Arkansas,AR
32,CRAIGHEAD,Arkansas,AR
33,FAULKNER,Arkansas,AR
34,GARLAND,Arkansas,AR
35,JEFFERSON,Arkansas,AR
36,LONOKE,Arkansas,AR
37,PULASKI,Arkansas,AR
38,SALINE,Arkansas,AR
39,SEBASTIAN,Arkansas,AR
40,WASHINGTON,Arkansas,AR
41,WHITE,Arkansas,AR
42,ALAMEDA,California,CA
43,BUTTE,California,CA
44,CONTRA COSTA,California,CA
45,EL DORADO,California,CA
46,FRESNO,California,CA
47,HUMBOLDT,California,CA
48,IMPERIAL,California,CA
49,KERN,California,CA
50,KINGS,California,CA
51,LAKE,California,CA
52,LOS ANGELES,California,CA
53,MADERA,California,CA
54,MARIN,California,CA
55,MENDOCINO,California,CA
56,MERCED,California,CA
57,MONTEREY,California,CA
58,NAPA,California,CA
59,NEVADA,California,CA
60,ORANGE,California,CA
61,PLACER,California,CA
62,RIVERSIDE,California,CA
63,SACRAMENTO,California,CA
64,SAN BERNARDINO,California,CA
65,SAN DIEGO,California,CA
66,SAN FRANCISCO,California,CA
67,SAN JOAQUIN,California,CA
68,SAN LUIS OBISPO,California,CA
69,SAN MATEO,California,CA
70,SANTA BARBARA,California,CA
71,SANTA CLARA,California,CA
72,SANTA CRUZ,California,CA
73,SHASTA,California,CA
74,SOLANO,California,CA
75,SONOMA,California,CA
76,STANISLAUS,California,CA
77,SUTTER,California,CA
78,TULARE,California,CA
79,VENTURA,California,CA
80,YOLO,California,CA
81,YUBA,California,CA
82,ADAMS,Colorado,CO
83,ARAPAHOE,Colorado,CO
84,BOULDER,Colorado,CO
85,BROOMFIELD,Colorado,CO
86,DENVER,Colorado,CO
87,DOUGLAS,Colorado,CO
88,EL PASO,Colorado,CO
89,JEFFERSON,Colorado,CO
90,LARIMER,Colorado,CO
91,MESA,Colorado,CO
92,PUEBLO,Colorado,CO
93,WELD,Colorado,CO
94,FAIRFIELD,Connecticut,CT
95,HARTFORD,Connecticut,CT
96,LITCHFIELD,Connecticut,CT
97,MIDDLESEX,Connecticut,CT
98,NEW HAVEN,Connecticut,CT
99,NEW LONDON,Connecticut,CT
100,TOLLAND,Connecticut,CT
101,WINDHAM,Connecticut,CT
102,KENT,Delaware,DE
103,NEW CASTLE,Delaware,DE
104,SUSSEX,Delaware,DE
105,DISTRICT OF COLUMBIA,District of Columbia,DC
106,ALACHUA,Florida,FL
107,BAY,Florida,FL
108,BREVARD,Florida,FL
109,BROWARD,Florida,FL
110,CHARLOTTE,Florida,FL
111,CITRUS,Florida,FL
112,CLAY,Florida,FL
113,COLLIER,Florida,FL
114,COLUMBIA,Florida,FL
115,DUVAL,Florida,FL
116,ESCAMBIA,Florida,FL
117,FLAGLER,Florida,FL
118,HERNANDO,Florida,FL
119,HIGHLANDS,Florida,FL
120,HILLSBOROUGH,Florida,FL
121,INDIAN RIVER,Florida,FL
122,LAKE,Florida,FL
123,LEE,Florida,FL
124,LEON,Florida,FL
125,MANATEE,Florida,FL
126,MARION,Florida,FL
127,MARTIN,Florida,FL
128,MIAMI-DADE,Florida,FL
129,MONROE,Florida,FL
130,NASSAU,Florida,FL
131,OKALOOSA,Florida,FL
132,ORANGE,Florida,FL
133,OSCEOLA,Florida,FL
134,PALM BEACH,Florida,FL
135,PASCO,Florida,FL
136,PINELLAS,Florida,FL
137,POLK,Florida,FL
138,PUTNAM,Florida,FL
139,ST JOHNS,Florida,FL
140,ST LUCIE,Florida,FL
141,SANTA ROSA,Florida,FL
142,SARASOTA,Florida,FL
143,SEMINOLE,Florida,FL
144,SUMTER,Florida,FL
145,VOLUSIA,Florida,FL
146,WALTON,Florida,FL
147,BARROW,Georgia,GA
148,BARTOW,Georgia,GA
149,BIBB,Georgia,GA
150,BULLOCH,Georgia,GA
151,CARROLL,Georgia,GA
152,CATOOSA,Georgia,GA
153,CHATHAM,Georgia,GA
154,CHEROKEE,Georgia,GA
155,CLARKE,Georgia,GA
156,CLAYTON,Georgia,GA
157,COBB,Georgia,GA
158,COLUMBIA,Georgia,GA
159,COWETA,Georgia,GA
160,DEKALB,Georgia,GA
161,DOUGHERTY,Georgia,GA
162,DOUGLAS,Georgia,GA
163,FAYETTE,Georgia,GA
164,FLOYD,Georgia,GA
165,FORSYTH,Georgia,GA
166,FULTON,Georgia,GA
167,GLYNN,Georgia,GA
168,GWINNETT,Georgia,GA
169,HALL,Georgia,GA
170,HENRY,Georgia,GA
171,HOUSTON,Georgia,GA
172,JACKSON,Georgia,GA
173,LOWNDES,Georgia,GA
174,MUSCOGEE,Georgia,GA
175,NEWTON,Georgia,GA
176,PAULDING,Georgia,GA
177,RICHMOND,Georgia,GA
178,ROCKDALE,Georgia,GA
179,SPALDING,Georgia,GA
180,TROUP,Georgia,GA
181,WALKER,Georgia,GA
182,WALTON,Georgia,GA
183,WHITFIELD,Georgia,GA
184,ADA,Idaho,ID
185,BANNOCK,Idaho,ID
186,BONNEVILLE,Idaho,ID
187,CANYON,Idaho,ID
188,KOOTENAI,Idaho,ID
189,TWIN FALLS,Idaho,ID
190,ADAMS,Illinois,IL
191,CHAMPAIGN,Illinois,IL
192,COOK,Illinois,IL
193,DEKALB,Illinois,IL
194,DUPAGE,Illinois,IL
195,KANE,Illinois,IL
196,KANKAKEE,Illinois,IL
197,KENDALL,Illinois,IL
198,LAKE,Illinois,IL
199,LASALLE,Illinois,IL
200,MCHENRY,Illinois,IL
201,MCLEAN,Illinois,IL
202,MACON,Illinois,IL
203,MADISON,Illinois,IL
204,PEORIA,Illinois,IL
205,ROCK ISLAND,Illinois,IL
206,ST CLAIR,Illinois,IL
207,SANGAMON,Illinois,IL
208,TAZEWELL,Illinois,IL
209,VERMILION,Illinois,IL
210,WILL,Illinois,IL
211,WILLIAMSON,Illinois,IL
212,WINNEBAGO,Illinois,IL
213,ALLEN,Indiana,IN
214,BARTHOLOMEW,Indiana,IN
215,BOONE,Indiana,IN
216,CLARK,Indiana,IN
217,DELAWARE,Indiana,IN
218,ELKHART,Indiana,IN
219,FLOYD,Indiana,IN
220,GRANT,Indiana,IN
221,HAMILTON,Indiana,IN
222,HANCOCK,Indiana,IN
223,HENDRICKS,Indiana,IN
224,HOWARD,Indiana,IN
225,JOHNSON,Indiana,IN
226,KOSCIUSKO,Indiana,IN
227,LAKE,Indiana,IN
228,LAPORTE,Indiana,IN
229,MADISON,Indiana,IN
230,MARION,Indiana,IN
231,MONROE,Indiana,IN
232,MORGAN,Indiana,IN
233,PORTER,Indiana,IN
234,ST JOSEPH,Indiana,IN
235,TIPPECANOE,Indiana,IN
236,VANDERBURGH,Indiana,IN
237,VIGO,Indiana,IN
238,WAYNE,Indiana,IN
239,BLACK HAWK,Iowa,IA
240,DALLAS,Iowa,IA
241,DUBUQUE,Iowa,IA
242,JOHNSON,Iowa,IA
243,LINN,Iowa,IA
244,POLK,Iowa,IA
245,POTTAWATTAMIE,Iowa,IA
246,SCOTT,Iowa,IA
247,STORY,Iowa,IA
248,WOODBURY,Iowa,IA
249,BUTLER,Kansas,KS
250,DOUGLAS,Kansas,KS
251,JOHNSON,Kansas,KS
252,LEAVENWORTH,Kansas,KS
253,RILEY,Kansas,KS
254,SEDGWICK,Kansas,KS
255,SHAWNEE,Kansas,KS
256,WYANDOTTE,Kansas,KS
257,BOONE,Kentucky,KY
258,BULLITT,Kentucky,KY
259,CAMPBELL,Kentucky,KY
260,CHRISTIAN,Kentucky,KY
261,DAVIESS,Kentucky,KY
262,FAYETTE,Kentucky,KY
263,HARDIN,Kentucky,KY
264,JEFFERSON,Kentucky,KY
265,KENTON,Kentucky,KY
266,MCCRACKEN,Kentucky,KY
267,MADISON,Kentucky,KY
268,OLDHAM,Kentucky,KY
269,WARREN,Kentucky,KY
270,ASCENSION,Louisiana,LA
271,BOSSIER,Louisiana,LA
272,CADDO,Louisiana,LA
273,CALCASIEU,Louisiana,LA
274,EAST BATON ROUGE,Louisiana,LA
275,IBERIA,Louisiana,LA
276,JEFFERSON,Louisiana,LA
277,LAFAYETTE,Louisiana,LA
278,LAFOURCHE,Louisiana,LA
279,LIVINGSTON,Louisiana,LA
280,ORLEANS,Louisiana,LA
281,OUACHITA,Louisiana,LA
282,RAPIDES,Louisiana,LA
283,ST LANDRY,Louisiana,LA
284,ST TAMMANY,Louisiana,LA
285,TANGIPAHOA,Louisiana,LA
286,TERREBONNE,Louisiana,LA
287,ANDROSCOGGIN,Maine,ME
288,AROOSTOOK,Maine,ME
289,CUMBERLAND,Maine,ME
290,KENNEBEC,Maine,ME
291,PENOBSCOT,Maine,ME
292,YORK,Maine,ME
293,ALLEGANY,Maryland,MD
294,ANNE ARUNDEL,Maryland,MD
295,BALTIMORE,Maryland,MD
296,CALVERT,Maryland,MD
297,CARROLL,Maryland,MD
298,CECIL,Maryland,MD
299,CHARLES,Maryland,MD
300,FREDERICK,Maryland,MD
301,HARFORD,Maryland,MD
302,HOWARD,Maryland,MD
303,MONTGOMERY,Maryland,MD
304,PRINCE GEORGE'S,Maryland,MD
305,ST MARY'S,Maryland,MD
306,WASHINGTON,Maryland,MD
307,WICOMICO,Maryland,MD
308,BALTIMORE CITY,Maryland,MD
309,BARNSTABLE,Massachusetts,MA
310,BERKSHIRE,Massachusetts,MA
311,BRISTOL,Massachusetts,MA
312,ESSEX,Massachusetts,MA
313,FRANKLIN,Massachusetts,MA
314,HAMPDEN,Massachusetts,MA
315,HAMPSHIRE,Massachusetts,MA
316,MIDDLESEX,Massachusetts,MA
317,NORFOLK,Massachusetts,MA
318,PLYMOUTH,Massachusetts,MA
319,SUFFOLK,Massachusetts,MA
320,WORCESTER,Massachusetts,MA
321,ALLEGAN,Michigan,MI
322,BAY,Michigan,MI
323,BERRIEN,Michigan,MI
324,CALHOUN,Michigan,MI
325,CLINTON,Michigan,MI
326,EATON,Michigan,MI
327,GENESEE,Michigan,MI
328,GRAND TRAVERSE,Michigan,MI
329,INGHAM,Michigan,MI
330,ISABELLA,Michigan,MI
331,JACKSON,Michigan,MI
332,KALAMAZOO,Michigan,MI
333,KENT,Michigan,MI
334,LAPEER,Michigan,MI
335,LENAWEE,Michigan,MI
336,LIVINGSTON,Michigan,MI
337,MACOMB,Michigan,MI
338,MARQUETTE,Michigan,MI
339,MIDLAND,Michigan,MI
340,MONROE,Michigan,MI
341,MUSKEGON,Michigan,MI
342,OAKLAND,Michigan,MI
343,OTTAWA,Michigan,MI
344,SAGINAW,Michigan,MI
345,ST CLAIR,Michigan,MI
346,SHIAWASSEE,Michigan,MI
347,VAN BUREN,Michigan,MI
348,WASHTENAW,Michigan,MI
349,WAYNE,Michigan,MI
350,ANOKA,Minnesota,MN
351,BLUE EARTH,Minnesota,MN
352,CARVER,Minnesota,MN
353,DAKOTA,Minnesota,MN
354,HENNEPIN,Minnesota,MN
355,OLMSTED,Minnesota,MN
356,RAMSEY,Minnesota,MN
357,RICE,Minnesota,MN
358,ST LOUIS,Minnesota,MN
359,SCOTT,Minnesota,MN
360,SHERBURNE,Minnesota,MN
361,STEARNS,Minnesota,MN
362,WASHINGTON,Minnesota,MN
363,WRIGHT,Minnesota,MN
364,DESOTO,Mississippi,MS
365,FORREST,Mississippi,MS
366,HARRISON,Mississippi,MS
367,HINDS,Mississippi,MS
368,JACKSON,Mississippi,MS
369,JONES,Mississippi,MS
370,LAUDERDALE,Mississippi,MS
371,LEE,Mississippi,MS
372,MADISON,Mississippi,MS
373,RANKIN,Mississippi,MS
374,BOONE,Missouri,MO
375,BUCHANAN,Missouri,MO
376,CAPE GIRARDEAU,Missouri,MO
377,CASS,Missouri,MO
378,CHRISTIAN,Missouri,MO
379,CLAY,Missouri,MO
380,COLE,Missouri,MO
381,FRANKLIN,Missouri,MO
382,GREENE,Missouri,MO
383,JACKSON,Missouri,MO
384,JASPER,Missouri,MO
385,JEFFERSON,Missouri,MO
386,PLATTE,Missouri,MO
387,ST CHARLES,Missouri,MO
388,ST FRANCOIS,Missouri,MO
389,ST LOUIS,Missouri,MO
390,ST LOUIS CITY,Missouri,MO
391,CASCADE,Montana,MT
392,FLATHEAD,Montana,MT
393,GALLATIN,Montana,MT
394,LEWIS AND CLARK,Montana,MT
395,MISSOULA,Montana,MT
396,YELLOWSTONE,Montana,MT
397,DOUGLAS,Nebraska,NE
398,LANCASTER,Nebraska,NE
399,SARPY,Nebraska,NE
400,CLARK,Nevada,NV
401,WASHOE,Nevada,NV
402,CHESHIRE,New Hampshire,NH
403,GRAFTON,New Hampshire,NH
404,HILLSBOROUGH,New Hampshire,NH
405,MERRIMACK,New Hampshire,NH
406,ROCKINGHAM,New Hampshire,NH
407,STRAFFORD,New Hampshire,NH
408,ATLANTIC,New Jersey,NJ
409,BERGEN,New Jersey,NJ
410,BURLINGTON,New Jersey,NJ
411,CAMDEN,New Jersey,NJ
412,CAPE MAY,New Jersey,NJ
413,CUMBERLAND,New Jersey,NJ
414,ESSEX,New Jersey,NJ
415,GLOUCESTER,New Jersey,NJ
416,HUDSON,New Jersey,NJ
417,HUNTERDON,New Jersey,NJ
418,MERCER,New Jersey,NJ
419,MIDDLESEX,New Jersey,NJ
420,MONMOUTH,New Jersey,NJ
421,MORRIS,New Jersey,NJ
422,OCEAN,New Jersey,NJ
423,PASSAIC,New Jersey,NJ
424,SALEM,New Jersey,NJ
425,SOMERSET,New Jersey,NJ
426,SUSSEX,New Jersey,NJ
427,UNION,New Jersey,NJ
428,WARREN,New Jersey,NJ
429,BERNALILLO,New Mexico,NM
430,CHAVES,New Mexico,NM
431,DONA ANA,New Mexico,NM
432,LEA,New Mexico,NM
433,MCKINLEY,New Mexico,NM
434,OTERO,New Mexico,NM
435,SANDOVAL,New Mexico,NM
436,SAN JUAN,New Mexico,NM
437,SANTA FE,New Mexico,NM
438,VALENCIA,New Mexico,NM
439,ALBANY,New York,NY
440,BRONX,New York,NY
441,BROOME,New York,NY
442,CATTARAUGUS,New York,NY
443,CAYUGA,New York,NY
444,CHAUTAUQUA,New York,NY
445,CHEMUNG,New York,NY
446,CLINTON,New York,NY
447,DUTCHESS,New York,NY
448,ERIE,New York,NY
449,JEFFERSON,New York,NY
450,KINGS,New York,NY
451,LIVINGSTON,New York,NY
452,MADISON,New York,NY
453,MONROE,New York,NY
454,NASSAU,New York,NY
455,NEW YORK,New York,NY
456,NIAGARA,New York,NY
457,ONEIDA,New York,NY
458,ONONDAGA,New York,NY
459,ONTARIO,New York,NY
460,ORANGE,New York,NY
461,OSWEGO,New York,NY
462,PUTNAM,New York,NY
463,QUEENS,New York,NY
464,RENSSELAER,New York,NY
465,RICHMOND,New York,NY
466,ROCKLAND,New York,NY
467,ST LAWRENCE,New York,NY
468,SARATOGA,New York,NY
469,SCHENECTADY,New York,NY
470,STEUBEN,New York,NY
471,SUFFOLK,New York,NY
472,SULLIVAN,New York,NY
473,TOMPKINS,New York,NY
474,ULSTER,New York,NY
475,WARREN,New York,NY
476,WAYNE,New York,NY
477,WESTCHESTER,New York,NY
478,ALAMANCE,North Carolina,NC
479,BRUNSWICK,North Carolina,NC
480,BUNCOMBE,North Carolina,NC
481,BURKE,North Carolina,NC
482,CABARRUS,North Carolina,NC
483,CALDWELL,North Carolina,NC
484,CARTERET,North Carolina,NC
485,CATAWBA,North Carolina,NC
486,CHATHAM,North Carolina,NC
487,CLEVELAND,North Carolina,NC
488,CRAVEN,North Carolina,NC
489,CUMBERLAND,North Carolina,NC
490,DAVIDSON,North Carolina,NC
491,DURHAM,North Carolina,NC
492,FORSYTH,North Carolina,NC
493,FRANKLIN,North Carolina,NC
494,GASTON,North Carolina,NC
495,GUILFORD,North Carolina,NC
496,HARNETT,North Carolina,NC
497,HENDERSON,North Carolina,NC
498,IREDELL,North Carolina,NC
499,JOHNSTON,North Carolina,NC
500,LINCOLN,North Carolina,NC
501,MECKLENBURG,North Carolina,NC
502,MOORE,North Carolina,NC
503,NASH,North Carolina,NC
504,NEW HANOVER,North Carolina,NC
505,ONSLOW,North Carolina,NC
506,ORANGE,North Carolina,NC
507,PITT,North Carolina,NC
508,RANDOLPH,North Carolina,NC
509,ROBESON,North Carolina,NC
510,ROCKINGHAM,North Carolina,NC
511,ROWAN,North Carolina,NC
512,RUTHERFORD,North Carolina,NC
513,SURRY,North Carolina,NC
514,UNION,North Carolina,NC
515,WAKE,North Carolina,NC
516,WAYNE,North Carolina,NC
517,WILKES,North Carolina,NC
518,WILSON,North Carolina,NC
519,BURLEIGH,North Dakota,ND
520,CASS,North Dakota,ND
521,GRAND FORKS,North Dakota,ND
522,WARD,North Dakota,ND
523,ALLEN,Ohio,OH
524,ASHTABULA,Ohio,OH
525,ATHENS,Ohio,OH
526,BELMONT,Ohio,OH
527,BUTLER,Ohio,OH
528,CLARK,Ohio,OH
529,CLERMONT,Ohio,OH
530,COLUMBIANA,Ohio,OH
531,CUYAHOGA,Ohio,OH
532,DELAWARE,Ohio,OH
533,ERIE,Ohio,OH
534,FAIRFIELD,Ohio,OH
535,FRANKLIN,Ohio,OH
536,GEAUGA,Ohio,OH
537,GREENE,Ohio,OH
538,HAMILTON,Ohio,OH
539,HANCOCK,Ohio,OH
540,JEFFERSON,Ohio,OH
541,LAKE,Ohio,OH
542,LICKING,Ohio,OH
543,LORAIN,Ohio,OH
544,LUCAS,Ohio,OH
545,MAHONING,Ohio,OH
546,MARION,Ohio,OH
547,MEDINA,Ohio,OH
548,MIAMI,Ohio,OH
549,MONTGOMERY,Ohio,OH
550,MUSKINGUM,Ohio,OH
551,PORTAGE,Ohio,OH
552,RICHLAND,Ohio,OH
553,ROSS,Ohio,OH
554,SCIOTO,Ohio,OH
555,STARK,Ohio,OH
556,SUMMIT,Ohio,OH
557,TRUMBULL,Ohio,OH
558,TUSCARAWAS,Ohio,OH
559,WARREN,Ohio,OH
560,WAYNE,Ohio,OH
561,WOOD,Ohio,OH
562,CANADIAN,Oklahoma,OK
563,CLEVELAND,Oklahoma,OK
564,COMANCHE,Oklahoma,OK
565,CREEK,Oklahoma,OK
566,MUSKOGEE,Oklahoma,OK
567,OKLAHOMA,Oklahoma,OK
568,PAYNE,Oklahoma,OK
569,POTTAWATOMIE,Oklahoma,OK
570,ROGERS,Oklahoma,OK
571,TULSA,Oklahoma,OK
572,WAGONER,Oklahoma,OK
573,BENTON,Oregon,OR
574,CLACKAMAS,Oregon,OR
575,DESCHUTES,Oregon,OR
576,DOUGLAS,Oregon,OR
577,JACKSON,Oregon,OR
578,JOSEPHINE,Oregon,OR
579,KLAMATH,Oregon,OR
580,LANE,Oregon,OR
581,LINN,Oregon,OR
582,MARION,Oregon,OR
583,MULTNOMAH,Oregon,OR
584,POLK,Oregon,OR
585,UMATILLA,Oregon,OR
586,WASHINGTON,Oregon,OR
587,YAMHILL,Oregon,OR
588,ADAMS,Pennsylvania,PA
589,ALLEGHENY,Pennsylvania,PA
590,ARMSTRONG,Pennsylvania,PA
591,BEAVER,Pennsylvania,PA
592,BERKS,Pennsylvania,PA
593,BLAIR,Pennsylvania,PA
594,BUCKS,Pennsylvania,PA
595,BUTLER,Pennsylvania,PA
596,CAMBRIA,Pennsylvania,PA
597,CARBON,Pennsylvania,PA
598,CENTRE,Pennsylvania,PA
599,CHESTER,Pennsylvania,PA
600,CLEARFIELD,Pennsylvania,PA
601,COLUMBIA,Pennsylvania,PA
602,CRAWFORD,Pennsylvania,PA
603,CUMBERLAND,Pennsylvania,PA
604,DAUPHIN,Pennsylvania,PA
605,DELAWARE,Pennsylvania,PA
606,ERIE,Pennsylvania,PA
607,FAYETTE,Pennsylvania,PA
608,FRANKLIN,Pennsylvania,PA
609,INDIANA,Pennsylvania,PA
610,LACKAWANNA,Pennsylvania,PA
611,LANCASTER,Pennsylvania,PA
612,LAWRENCE,Pennsylvania,PA
613,LEBANON,Pennsylvania,PA
614,LEHIGH,Pennsylvania,PA
615,LUZERNE,Pennsylvania,PA
616,LYCOMING,Pennsylvania,PA
617,MERCER,Pennsylvania,PA
618,MONROE,Pennsylvania,PA
619,MONTGOMERY,Pennsylvania,PA
620,NORTHAMPTON,Pennsylvania,PA
621,NORTHUMBERLAND,Pennsylvania,PA
622,PHILADELPHIA,Pennsylvania,PA
623,SCHUYLKILL,Pennsylvania,PA
624,SOMERSET,Pennsylvania,PA
625,WASHINGTON,Pennsylvania,PA
626,WESTMORELAND,Pennsylvania,PA
627,YORK,Pennsylvania,PA
628,KENT,Rhode Island,RI
629,NEWPORT,Rhode Island,RI
630,PROVIDENCE,Rhode Island,RI
631,WASHINGTON,Rhode Island,RI
632,AIKEN,South Carolina,SC
633,ANDERSON,South Carolina,SC
634,BEAUFORT,South Carolina,SC
635,BERKELEY,South Carolina,SC
636,CHARLESTON,South Carolina,SC
637,DARLINGTON,South Carolina,SC
638,DORCHESTER,South Carolina,SC
639,FLORENCE,South Carolina,SC
640,GREENVILLE,South Carolina,SC
641,GREENWOOD,South Carolina,SC
642,HORRY,South Carolina,SC
643,KERSHAW,South Carolina,SC
644,LANCASTER,South Carolina,SC
645,LAURENS,South Carolina,SC
646,LEXINGTON,South Carolina,SC
647,OCONEE,South Carolina,SC
648,ORANGEBURG,South Carolina,SC
649,PICKENS,South Carolina,SC
650,RICHLAND,South Carolina,SC
651,SPARTANBURG,South Carolina,SC
652,SUMTER,South Carolina,SC
653,YORK,South Carolina,SC
654,MINNEHAHA,South Dakota,SD
655,PENNINGTON,South Dakota,SD
656,ANDERSON,Tennessee,TN
657,BLOUNT,Tennessee,TN
658,BRADLEY,Tennessee,TN
659,DAVIDSON,Tennessee,TN
660,GREENE,Tennessee,TN
661,HAMILTON,Tennessee,TN
662,KNOX,Tennessee,TN
663,MADISON,Tennessee,TN
664,MAURY,Tennessee,TN
665,MONTGOMERY,Tennessee,TN
666,PUTNAM,Tennessee,TN
667,ROBERTSON,Tennessee,TN
668,RUTHERFORD,Tennessee,TN
669,SEVIER,Tennessee,TN
670,SHELBY,Tennessee,TN
671,SULLIVAN,Tennessee,TN
672,SUMNER,Tennessee,TN
673,WASHINGTON,Tennessee,TN
674,WILLIAMSON,Tennessee,TN
675,WILSON,Tennessee,TN
676,ANGELINA,Texas,TX
677,BASTROP,Texas,TX
678,BELL,Texas,TX
679,BEXAR,Texas,TX
680,BOWIE,Texas,TX
681,BRAZORIA,Texas,TX
682,BRAZOS,Texas,TX
683,CAMERON,Texas,TX
684,COLLIN,Texas,TX
685,COMAL,Texas,TX
686,CORYELL,Texas,TX
687,DALLAS,Texas,TX
688,DENTON,Texas,TX
689,ECTOR,Texas,TX
690,ELLIS,Texas,TX
691,EL PASO,Texas,TX
692,FORT BEND,Texas,TX
693,GALVESTON,Texas,TX
694,GRAYSON,Texas,TX
695,GREGG,Texas,TX
696,GUADALUPE,Texas,TX
697,HARRIS,Texas,TX
698,HARRISON,Texas,TX
699,HAYS,Texas,TX
700,HENDERSON,Texas,TX
701,HIDALGO,Texas,TX
702,HUNT,Texas,TX
703,JEFFERSON,Texas,TX
704,JOHNSON,Texas,TX
705,KAUFMAN,Texas,TX
706,LIBERTY,Texas,TX
707,LUBBOCK,Texas,TX
708,MCLENNAN,Texas,TX
709,MIDLAND,Texas,TX
710,MONTGOMERY,Texas,TX
711,NACOGDOCHES,Texas,TX
712,NUECES,Texas,TX
713,ORANGE,Texas,TX
714,PARKER,Texas,TX
715,POTTER,Texas,TX
716,RANDALL,Texas,TX
717,ROCKWALL,Texas,TX
718,SAN PATRICIO,Texas,TX
719,SMITH,Texas,TX
720,TARRANT,Texas,TX
721,TAYLOR,Texas,TX
722,TOM GREEN,Texas,TX
723,TRAVIS,Texas,TX
724,VICTORIA,Texas,TX
725,WALKER,Texas,TX
726,WEBB,Texas,TX
727,WICHITA,Texas,TX
728,WILLIAMSON,Texas,TX
729,WISE,Texas,TX
730,CACHE,Utah,UT
731,DAVIS,Utah,UT
732,SALT LAKE,Utah,UT
733,TOOELE,Utah,UT
734,UTAH,Utah,UT
735,WASHINGTON,Utah,UT
736,WEBER,Utah,UT
737,CHITTENDEN,Vermont,VT
738,ALBEMARLE,Virginia,VA
739,ARLINGTON,Virginia,VA
740,AUGUSTA,Virginia,VA
741,BEDFORD,Virginia,VA
742,CHESTERFIELD,Virginia,VA
743,FAIRFAX,Virginia,VA
744,FAUQUIER,Virginia,VA
745,FREDERICK,Virginia,VA
746,HANOVER,Virginia,VA
747,HENRICO,Virginia,VA
748,JAMES CITY,Virginia,VA
749,LOUDOUN,Virginia,VA
750,MONTGOMERY,Virginia,VA
751,PRINCE WILLIAM,Virginia,VA
752,ROANOKE,Virginia,VA
753,ROCKINGHAM,Virginia,VA
754,SPOTSYLVANIA,Virginia,VA
755,STAFFORD,Virginia,VA
756,YORK,Virginia,VA
757,ALEXANDRIA CITY,Virginia,VA
758,CHESAPEAKE CITY,Virginia,VA
759,HAMPTON CITY,Virginia,VA
760,LYNCHBURG CITY,Virginia,VA
761,NEWPORT NEWS CITY,Virginia,VA
762,NORFOLK CITY,Virginia,VA
763,PORTSMOUTH CITY,Virginia,VA
764,RICHMOND CITY,Virginia,VA
765,ROANOKE CITY,Virginia,VA
766,SUFFOLK CITY,Virginia,VA
767,VIRGINIA BEACH CITY,Virginia,VA
768,BENTON,Washington,WA
769,CHELAN,Washington,WA
770,CLALLAM,Washington,WA
771,CLARK,Washington,WA
772,COWLITZ,Washington,WA
773,FRANKLIN,Washington,WA
774,GRANT,Washington,WA
775,GRAYS HARBOR,Washington,WA
776,ISLAND,Washington,WA
777,KING,Washington,WA
778,KITSAP,Washington,WA
779,LEWIS,Washington,WA
780,MASON,Washington,WA
781,PIERCE,Washington,WA
782,SKAGIT,Washington,WA
783,SNOHOMISH,Washington,WA
784,SPOKANE,Washington,WA
785,THURSTON,Washington,WA
786,WHATCOM,Washington,WA
787,YAKIMA,Washington,WA
788,BERKELEY,West Virginia,WV
789,CABELL,West Virginia,WV
790,HARRISON,West Virginia,WV
791,KANAWHA,West Virginia,WV
792,MONONGALIA,West Virginia,WV
793,RALEIGH,West Virginia,WV
794,WOOD,West Virginia,WV
795,BROWN,Wisconsin,WI
796,DANE,Wisconsin,WI
797,DODGE,Wisconsin,WI
798,EAU CLAIRE,Wisconsin,WI
799,FOND DU LAC,Wisconsin,WI
800,JEFFERSON,Wisconsin,WI
801,KENOSHA,Wisconsin,WI
802,LA CROSSE,Wisconsin,WI
803,MANITOWOC,Wisconsin,WI
804,MARATHON,Wisconsin,WI
805,MILWAUKEE,Wisconsin,WI
806,OUTAGAMIE,Wisconsin,WI
807,OZAUKEE,Wisconsin,WI
808,PORTAGE,Wisconsin,WI
809,RACINE,Wisconsin,WI
810,ROCK,Wisconsin,WI
811,ST CROIX,Wisconsin,WI
812,SHEBOYGAN,Wisconsin,WI
813,WALWORTH,Wisconsin,WI
814,WASHINGTON,Wisconsin,WI
815,WAUKESHA,Wisconsin,WI
816,WINNEBAGO,Wisconsin,WI
817,WOOD,Wisconsin,WI
818,LARAMIE,Wyoming,WY
819,NATRONA,Wyoming,WY
